[{"model": "books.genre", "pk": 1, "fields": {"title": "Fantasy", "slug": "fantasy"}}, {"model": "books.genre", "pk": 2, "fields": {"title": "Science Fiction", "slug": "science-fiction"}}, {"model": "books.genre", "pk": 3, "fields": {"title": "Dystopian", "slug": "dystopian"}}, {"model": "books.genre", "pk": 4, "fields": {"title": "Horror", "slug": "horror"}}, {"model": "books.genre", "pk": 5, "fields": {"title": "Thriller", "slug": "thriller"}}, {"model": "books.genre", "pk": 6, "fields": {"title": "Historical", "slug": "historical"}}, {"model": "books.genre", "pk": 7, "fields": {"title": "Romance", "slug": "romance"}}, {"model": "books.genre", "pk": 8, "fields": {"title": "Women’s Fiction", "slug": "womens-fiction"}}, {"model": "books.author", "pk": 1, "fields": {"name": "Maxfield Parrish", "country": "Arabic"}}, {"model": "books.author", "pk": 2, "fields": {"name": "Lewis Karoll", "country": "United Kindom"}}, {"model": "books.author", "pk": 3, "fields": {"name": "Thomas Malory", "country": "United Kindom"}}, {"model": "books.author", "pk": 4, "fields": {"name": "Richard Adams", "country": "Italy"}}, {"model": "books.author", "pk": 5, "fields": {"name": "Ursula K. Le Guin’s", "country": "USA"}}, {"model": "books.author", "pk": 6, "fields": {"name": "Mary Stewart", "country": "Germany"}}, {"model": "books.author", "pk": 7, "fields": {"name": "Peter S. Beagle", "country": "France"}}, {"model": "books.author", "pk": 8, "fields": {"name": "Anne McCaffrey", "country": "Italy"}}, {"model": "books.author", "pk": 9, "fields": {"name": "Manuel Mujica Lainez", "country": "Great Britain"}}, {"model": "books.author", "pk": 10, "fields": {"name": "Norton Juster", "country": "USA"}}, {"model": "books.author", "pk": 11, "fields": {"name": "Roald Dahl", "country": "Italy"}}, {"model": "books.author", "pk": 12, "fields": {"name": "Jin Young", "country": "China"}}, {"model": "books.author", "pk": 13, "fields": {"name": "J.R.R. Tolkien", "country": "Finland"}}, {"model": "books.book", "pk": 1, "fields": {"title": "One Thousand and One Nights!", "slug": "one-thousand-and-one-nights", "description": "The work was collected over many centuries by various authors, translators, and scholars across West Asia, Central Asia, South Asia, and North Africa. Some tales trace their roots back to ancient and medieval Arabic, Sanskrit, Persian, and Mesopotamian literature.[3] Most tales, however, were originally folk stories from the Abbasid and Mamluk eras, while others, especially the frame story, are probably drawn from the Pahlavi Persian work Hezār Afsān (Persian: هزار افسان, lit. A Thousand Tales), which in turn may be translations of older Indian texts.", "created_at": "2023-10-22T09:43:20.719Z", "last_update": "2023-11-03T09:50:48.718Z", "image": "book_img/The-Arabian-Nights-Husain-Haddawy-Muhsin-Mahdi-100-best-fantasy-books.jpg", "genre": 7, "author": 1, "owner": 1}}, {"model": "books.book", "pk": 2, "fields": {"title": "Alice in wonderfull world", "slug": "alice-in-wonderfull-world", "description": "Alice's Adventures in Wonderland (commonly Alice in Wonderland) is an 1865 English children's novel by Lewis Carroll, a mathematics don at Oxford University. It details the story of a young girl named Alice who falls through a rabbit hole into a fantasy world of anthropomorphic creatures. It is seen as an example of the literary nonsense genre. The artist John Tenniel provided 42 wood-engraved illustrations for the book.\r\n\r\nIt received positive reviews upon release and is now one of the best-known works of Victorian literature; its narrative, structure, characters and imagery have had a widespread influence on popular culture and literature, especially in the fantasy genre. It is credited as helping end an era of didacticism in children's literature, inaugurating an era in which writing for children aimed to \"delight or entertain\". The tale plays with logic, giving the story lasting popularity with adults as well as with children. The titular character Alice shares her name with Alice Liddell, a girl Carroll knew.", "created_at": "2023-10-22T09:45:49.664Z", "last_update": "2023-10-22T13:35:39.658Z", "image": "book_img/Alices-Adventures-in-Wonderland-Lewis-Carroll-100-best-fantasy-books-NEW_wEnkXbw.jpg", "genre": 1, "author": 2, "owner": 5}}, {"model": "books.book", "pk": 3, "fields": {"title": "LE MORTE D’ARTHUR", "slug": "le-morte-darthur", "description": "Le Morte d'Arthur (originally written as le morte Darthur; Anglo-Norman French for \"The Death of Arthur\") is a 15th-century Middle English prose reworking by Sir Thomas Malory of tales about the legendary King Arthur, Guinevere, Lancelot, Merlin and the Knights of the Round Table, along with their respective folklore. In order to tell a \"complete\" story of Arthur from his conception to his death, Malory compiled, rearranged, interpreted and modified material from various French and English sources. Today, this is one of the best-known works of Arthurian literature. Many authors since the 19th-century revival of the legend have used Malory as their principal source.", "created_at": "2023-10-22T09:56:34.815Z", "last_update": "2023-10-22T13:35:31.136Z", "image": "book_img/Le-Morte-dArthur-Thomas-Mallory-100-best-fantasy-books_h0iOnbS.jpg", "genre": 1, "author": 3, "owner": 2}}, {"model": "books.book", "pk": 4, "fields": {"title": "The Tombs of Atuan", "slug": "the-tombs-of-atuan", "description": "Although the wizard Ged plays a role in Ursula K. Le Guin’s second Earthsea novel, at the center of this story is Tenar, a girl taken as a child from the Viking-like Kargish empire to become high priestess to the Nameless Ones (the ancient spirits of the titular tombs). Praised as a more revolutionary protagonist than her predecessor, Tenar—or Arha, the Eaten One, as she’s forced to become—must reconsider everything she knows to be true about her endlessly lonely role as guardian of the tombs’ sacred underground labyrinth. Only she may enter, but an unexpected stranger arrives to steal an invaluable treasure and it’s up to her to stop him. The bulk of the action in The Tombs of Atuan takes place within the perpetually dark confines of the labyrinth, but it’s Tenar’s inner struggle against the social constructs that define her life that carries this Newbery Medal-winning novel. —Megan McCluskey", "created_at": "2023-10-24T19:51:01.397Z", "last_update": "2023-10-24T20:13:09.449Z", "image": "book_img/The-Tombs-of-Atuan-Ursula-K-Le-Guin-100-best-fantasy-books.jpg", "genre": 4, "author": 5, "owner": 1}}, {"model": "books.book", "pk": 5, "fields": {"title": "Watership Down by Richard Adams", "slug": "watership-down-by-richard-adams", "description": "Richard Adams’s classic tale of escape, adventure and survival—winner of the 1972 Carnegie Medal in Literature and the 1973 Guardian Children’s Fiction Prize—follows a group of rabbits as they flee a warren doomed by the encroachment of man. They head off in search of greener pastures and eventually settle on the hillside of Watership Down. Led by reluctant rabbit-in-chief Hazel, the budding colony must contend with various elil, the word for the thousand natural enemies of rabbits in Adams’s inventive Lapine language, as they seek a home where they can finally live in peace. Although Adams’s daughters, for whom he wrote the story, have said that he repeatedly disavowed any allegorical interpretations of his anthropomorphic fantasy—ranging from communism to Christianity—the late author didn’t mince words when it came to a message about humanity’s impact on the environment: “Men will never rest till they’ve spoiled the earth and destroyed the animals.” —Megan McCluskey", "created_at": "2023-10-24T19:51:26.219Z", "last_update": "2023-10-24T19:51:26.219Z", "image": "book_img/Watership-Down-Richard-Adams-100-best-fantasy-books.jpg", "genre": 2, "author": 4, "owner": 2}}, {"model": "books.book", "pk": 6, "fields": {"title": "The Crystal Cave", "slug": "the-crystal-cave", "description": "Another update on the Arthurian legend—this time from the point of view of Camelot’s resident magician—the first installment in Mary Stewart’s Merlin Trilogy follows the famed sorcerer in the years before he becomes King Arthur’s most trusted adviser. Ostracized from a young age for his unknown parentage and strange precognitive abilities, Myrddin Emrys (or as he becomes known, Merlin) must hone his skills in medicine, engineering and, of course, sorcery, before finding his place in the turbulent world of 5th-century England. Even with so many Merlins that came before hers, Stewart manages to bring new depth to the legendary wizard as he works toward his crowning achievement, orchestrating Arthur’s birth.", "created_at": "2023-10-24T19:52:45.995Z", "last_update": "2023-10-24T19:52:45.996Z", "image": "book_img/The-Crystal-Cave-Mary-Stewart-100-best-fantasy-books.jpg", "genre": 8, "author": 6, "owner": 1}}, {"model": "books.book", "pk": 7, "fields": {"title": "A Wizard of Earthsea", "slug": "a-wizard-of-earthsea", "description": "Long before Harry Potter was accepted to Hogwarts, the first installment in the highly acclaimed six-book Earthsea Cycle series saw a young Ged sail to the heart of the series’ titular archipelago—one of the most original fantasy worlds of its time—to study at the magical island of Roke’s school of wizardry. It’s there that Sparrowhawk, as Ged becomes known, makes a terrible mistake that haunts him for years on his path to becoming the greatest sorcerer in all the realm. In Earthsea, it’s those who understand how to wield the power of words who are truly wise—a creed that Ursula K. Le Guin, who used her writing to subvert racist and sexist tropes often present in a genre historically dominated by white male authors, upheld in our own world. Le Guin would go on to win the Hugo, Nebula, Locus and World Fantasy awards (each more than once) later in her career, but it was the seminal book A Wizard of Earthsea that broke down barriers and provided a blueprint for countless beloved fantasy properties to come.", "created_at": "2023-10-24T20:04:37.576Z", "last_update": "2023-10-24T20:04:37.576Z", "image": "book_img/A-Wizard-of-Earthsea-Ursula-K-Le-Guin-100-best-fantasy-books-2.jpg", "genre": 5, "author": 5, "owner": 15}}, {"model": "books.book", "pk": 8, "fields": {"title": "The Last Unicorn", "slug": "the-last-unicorn", "description": "Upon learning that she may be the last of her kind in all the world, Peter S. Beagle’s titular and nameless unicorn sets out from her enchanted lilac wood to discover what the monstrous Red Bull has done to her immortal kin. With the help of Schmendrick, an inept magician, and Molly Grue, a rugged yet kindhearted Maid Marian figure, the unicorn journeys to the kingdom of the callous King Haggard, who bade the Red Bull imprison the unicorns in the sea outside his castle. The book’s charm lies in the ways it defies fantasy convention. In this cult classic, written in lyrical prose and rife with both whimsical humor and philosophical ruminations on what it means to be human, Beagle spins a quasi-medieval fairy tale that remains timeless.", "created_at": "2023-10-24T20:06:05.556Z", "last_update": "2023-10-24T20:12:57.723Z", "image": "book_img/The-Last-Unicorn-Peter-S-Beagle-100-best-fantasy-books.jpg", "genre": 6, "author": 7, "owner": 1}}, {"model": "books.book", "pk": 9, "fields": {"title": "Dragonflight", "slug": "dragonflight", "description": "Territorial disputes among landed gentry. A ruling class threatened by the increasing importance of skilled craftsmen. Swords and sandals. And, most importantly, fire-breathing dragons—along with the elite humans who can communicate, coordinate and commune with the legendary beasts. It’s all basically Fantasy Novel Writing 101. But Anne McCaffrey, a trailblazing woman in the fantasy genre, subverts the genre in her 1968 novel by adding a science-fiction twist that makes it all seem much more raw, real and lived-in. It’s no spoiler to note that the story takes place on a far-flung planet colonized by Earth and then forgotten, and the “dragons” are genetically modified versions of a native lizard-like species. To write the book, McCaffrey merged two of her previously written novellas: Weyr Search, which won a Hugo Award, and Dragonrider, which won a Nebula Award. Her impact is clear: it’s hard to imagine Game of Thrones without Dragonflight. The series’ central conceit—the recovery of a world where dragons, the most powerful of beings, have not yet faded into the history books—is the driving force of Dragonflight, published some 30 years before.", "created_at": "2023-10-24T20:07:48.085Z", "last_update": "2023-10-24T20:07:48.085Z", "image": "book_img/Dragonflight-Anne-McCaffrey-100-best-fantasy-books.jpg", "genre": 5, "author": 8, "owner": 2}}, {"model": "books.book", "pk": 10, "fields": {"title": "The Wandering Unicorn", "slug": "the-wandering-unicorn", "description": "For centuries, the medieval fairy Melusine has been depicted in prose and art. Many stories revolve around her husband’s fateful discovery that Melusine has the lower body of a serpent. In El unicornio—titled The Wandering Unicorn in a 1982 English-language translation by Mary Fitton—Argentinean writer Manuel Mujica Lainez expands Melusine’s story. Mujica Lainez follows Melusine as she falls in love and witnesses many battles across medieval Europe during the crusades. Though contemporary readers might find its approach to Islam and depiction of Asian cultures to be dated, the novel contains vivid imagery and exhaustive world-building, deftly intertwining historical and magical threads. Its epic sweep, embrace of tragedy and final twist make it worthwhile for fans of Arthurian legends and other medieval tales.", "created_at": "2023-10-24T20:10:01.861Z", "last_update": "2023-10-24T20:10:01.861Z", "image": "book_img/El-unicornio-Manuel-Mujica-Lainez-100-best-fantasy-books.jpg", "genre": 3, "author": 9, "owner": 15}}, {"model": "books.book", "pk": 11, "fields": {"title": "The Phantom Tollbooth", "slug": "the-phantom-tollbooth", "description": "After a perpetually bored young boy named Milo drives his toy car through the tollbooth that’s mysteriously appeared in his bedroom, he’s transported to the Kingdom of Wisdom, a magical land divided by a feud over whether letters or numbers are more important. Aided by his newfound companions, Tock the watchdog (a trusty pup with the body of an alarm clock) and the braggadocious Humbug, Milo must journey to the Castle in the Air to rescue the realm’s exiled princesses, Rhyme and Reason, on a quest that teaches him the true joy of learning. Norton Juster has described his debut novel as an “accidental masterpiece” that was inspired by his own childhood ennui. Accidental or not, the book (and 1970 animated film adaptation) have helped generations of children keep the doldrums at bay.", "created_at": "2023-10-24T20:18:31.134Z", "last_update": "2023-10-24T20:18:31.134Z", "image": "book_img/The-Phantom-Tollbooth-Norton-Juster-100-best-fantasy-books.jpg", "genre": 4, "author": 10, "owner": 2}}, {"model": "books.book", "pk": 12, "fields": {"title": "James and the Giant Peach", "slug": "james-and-the-giant-peach", "description": "Enormous talking insects, evil aunts and one larger-than-life piece of fruit take the lead in Roald Dahl’s fantastical tale of a lonely young boy finding his place in the world. While Dahl’s reputed anti-Semitism has raised questions about his legacy as an author in the years since his death, James and the Giant Peach remains a favorite among kids and parents alike nearly 60 years after it was first published, thanks to its vivid imagery, vibrant characters and forthright exploration of mature themes like death and hope. Readers around the world can join 7-year-old James Henry Trotter, rapscallion Centipede, misunderstood Miss Spider and the rest of the titular peach’s distinctly eccentric occupants on a journey unlike any other.", "created_at": "2023-10-24T20:20:04.453Z", "last_update": "2023-10-24T20:20:04.453Z", "image": "book_img/James-and-the-Giant-Peach-Roald-Dahl-100-best-fantasy-books.jpg", "genre": 6, "author": 11, "owner": 15}}, {"model": "books.book", "pk": 13, "fields": {"title": "The Once & Future King", "slug": "the-once-future-king", "description": "Widely considered the definitive modern retelling of the medieval saga of King Arthur and his Knights of the Round Table, T.H. White’s collection of Arthurian tales brings 20th-century insight to the rise and fall of the mythical kingdom of Camelot. Beginning with the legend of “The Sword in the Stone,” White offers a comical yet deeply sad portrayal of Arthur’s life, from his childhood training with the wizard Merlyn all the way through the morning of his tragic final battle. The narrative serves as a post-World War II allegory for the ways in which power and violence shape both individuals and societies. White’s work is populated by the likes of such famous literary figures as Robin Hood, Morgan le Fay and, of course, Lancelot and Guenever, whose illicit love affair provides the axis on which the epic turns.", "created_at": "2023-10-24T20:21:10.739Z", "last_update": "2023-10-24T20:21:10.739Z", "image": "book_img/The-Once-and-Future-King-TH-White-100-best-fantasy-books.jpg", "genre": 7, "author": 3, "owner": 5}}, {"model": "books.book", "pk": 14, "fields": {"title": "A Hero Born", "slug": "a-hero-born", "description": "The Chinese wuxia genre is a testament to the breadth of the fantasy genre, with stories that typically follow martial artists’ adventures while exploring the intersection between supernatural abilities, otherworldly creatures and China’s long history. One of the greatest, and most popular, wuxia works of the 20th century was Jin Yong’s Condor Trilogy, the first book of which is A Hero Born. First released in serial form in 1957, A Hero Born takes place during the 12th-century Jin-Song Wars, and follows the sons tof two dedicated allies forced to go their separate ways. One son is raised by Genghis Khan and the other by a Jurchen prince. The two, with their different personalities and martial arts styles, take radically different paths that place them on opposite ends of China’s history. Jin Yong’s Condor Trilogy, which has been called the Chinese Lord of the Rings, has spawned numerous TV and film adaptations. Since its original release, the Condor Trilogy has rarely been translated into English. That changed in 2018, when publisher MacLehose Press began releasing the works, newly translated by Anna Holmwood, into a series of 12 volumes. Four volumes have been released so far, bringing one of fantasy’s best stories to a new generation.", "created_at": "2023-10-24T20:22:23.135Z", "last_update": "2023-11-02T08:45:36.422Z", "image": "book_img/A-Hero-Born-Jin-Yong-100-best-fantasy-books.jpg", "genre": 3, "author": 12, "owner": 15}}, {"model": "books.book", "pk": 15, "fields": {"title": "The Return of the King", "slug": "the-return-of-the-king", "description": "The powerful conclusion to the Lord of the Rings adventure not only earned the three-part novel the 1957 International Fantasy Award and the top spot in a 2003 survey conducted by the BBC to determine British readers’ best-loved novel of all time. It also cemented its present-day standing as the gold standard of the fantasy genre, having influenced countless authors since its publication. At once triumphant and heartbreaking, the third volume of J.R.R. Tolkien’s Middle-earth magnum opus picks up with the armies of good preparing to make a desperate last stand against the overwhelming forces of evil under the control of the dark lord Sauron’s Great Eye. But things are even bleaker on the far side of Mordor’s Black Gate, where the burden of the One Ring weighs ever heavier on Frodo as he and Sam edge closer to destroying it. Nearly 50 years after the saga was published, Peter Jackson’s three-part, live-action movie adaptation was crowned the winningest franchise in Academy Awards history when its final installment picked up the award for Best Picture (along with 10 others), becoming the first fantasy film to ever do so.", "created_at": "2023-10-24T20:25:12.363Z", "last_update": "2023-11-06T09:17:27.671Z", "image": "book_img/The-Return-of-the-King-JRR-Tolkien-100-best-fantasy-books.jpg", "genre": 3, "author": 4, "owner": 22}}, {"model": "books.book", "pk": 16, "fields": {"title": "The Two Towers", "slug": "the-two-towers", "description": "The archetypal fantasy epic that is The Lord of the Rings continues in a second installment that masterfully ups the ante in Frodo’s quest to destroy the One Ring while simultaneously fleshing out the rich history and languages of J.R.R. Tolkien’s Middle-earth. Following the disbanding of the Fellowship, warrior trio Aragorn, Legolas and Gimli set off to rescue captured hobbits Merry and Pippin from the dark wizard Saruman’s clutches as war looms. Meanwhile, Ring-bearers Frodo and Sam venture deeper into enemy territory, and are joined by an unlikely companion along the way. The Two Towers bypasses the dreaded middle-of-the-saga slump, a common problem for fantasy series, with a grand-scale battle between the Horse-lords of the kingdom of Rohan and Saruman’s army of Uruk-hai, an elite breed of the goblin-like creatures known as orcs. It’s a fight that more than rivals the final showdowns of many series that came after Tolkien’s.", "created_at": "2023-10-24T20:26:50.662Z", "last_update": "2023-11-02T16:31:42.571Z", "image": "book_img/The-Two-Towers-JRR-Tolkien-100-best-fantasy-books.jpg", "genre": 6, "author": 13, "owner": 1}}, {"model": "books.book", "pk": 17, "fields": {"title": "My Life in the Bush of Ghosts", "slug": "my-life-in-the-bush-of-ghosts", "description": "In 1954, the Nigerian writer Amos Tutuola published My Life in the Bush of Ghosts, uniquely synthesizing the Yoruba culture he was born into with that of the British and Christian colonialism under which he matured into adulthood. The book, Tutuola’s second, tells the story of a west African child who is forced for 24 years to navigate an incomprehensible wilderness filled with fantastical beings, most of whom are, as the title suggests, some form of ghost. It’s a striking work of syncretism, recontextualizing previously unrecorded west African mythology by imbuing it with symbols of what was at the time a new global modernity. Consider, for example, one of the key figures of the novel: the “television-handed ghostess,” who convinces the narrator to follow the sorcerers’ advice and lick his open wound—by opening her hands and revealing TV screens on her palms showing footage of the narrator’s family and home village. Tutuola would go on to inspire Talking Heads frontman David Byrne and superproducer Brian Eno to record a 1981 album by the same title as this book; it’s a testament to his impact, as arguably the first international artist to form a new language by sampling the folk traditions of the global south and the modern imagery of the industrialized West.", "created_at": "2023-10-24T20:28:18.601Z", "last_update": "2023-11-06T09:09:47.953Z", "image": "book_img/My-Life-in-the-Bush-of-Ghosts-Amos-Tutuola-100-best-fantasy-books.jpg", "genre": 6, "author": 8, "owner": 22}}, {"model": "books.comment", "pk": 1, "fields": {"user": 1, "book": 16, "comment": "Very interesting book! I like this", "created_at": "2023-10-28T17:47:20.594Z", "edited": "2023-10-28T17:47:20.594Z"}}, {"model": "books.comment", "pk": 2, "fields": {"user": 1, "book": 16, "comment": "Yeap nice book! Thank you!", "created_at": "2023-10-28T17:53:42.983Z", "edited": "2023-10-28T17:53:42.983Z"}}, {"model": "books.comment", "pk": 3, "fields": {"user": 5, "book": 12, "comment": "I want to get this book!", "created_at": "2023-11-01T11:42:23.721Z", "edited": "2023-11-01T11:42:23.721Z"}}, {"model": "books.comment", "pk": 4, "fields": {"user": 1, "book": 16, "comment": "Hi", "created_at": "2023-11-02T20:49:34.150Z", "edited": "2023-11-02T20:49:34.150Z"}}, {"model": "books.bookinpdf", "pk": 1, "fields": {"book": 17, "pdf": "book_in_pdf/5-basic-git-operations-2.pdf"}}, {"model": "books.bookinpdf", "pk": 2, "fields": {"book": 15, "pdf": "book_in_pdf/Условия_работы.pdf"}}, {"model": "books.bookinpdf", "pk": 3, "fields": {"book": 1, "pdf": "book_in_pdf/backend.pdf"}}]